jshmo,Joe,Shmo,shmoeyjoey,joe.shmo@McKillaGorilla.com,"Lobster, Cow, PIg, Chicken, Salmon",,,,"StarCraft, Fallout 3, Civilization II, Katamari Damacy, Super Mario World","Raiders of the Lost Ark, Goodfellas, Airplane!, Lawrence of Arabia, Pulp Fiction","Shine On You Crazy Diamond, Comfortably Numb, Pigs (Three Different Ones), Time, Echoes (Live from Pompeii)",,"New York Yankees, New York Knicks, New York Islanders, Dallas Stars, Texas Rangers",
aajith,,,,,,,,,,,,,,
aarefin,,,,,,,,,,,,,,
absaad,Abdullah,Saad,absaad,absaad@gmail.com,"Fish, Chicken, Lamb, Goat, Shrimp","How to Kill a Mocking Bird, The Chosen, Wuthering Heights, Harry Potter, Diary of a Wimpy Kid","Saudi Arabia, Palestine, Pakistan, Iraq, Turkey","Gyro, Burgers, Ice Cream, Biryani, Sushi","Legend of Zelda: Ocarina of Time, Super Smash Bros. Ultimate, MGS3, Minecraft, Legend of Zelda: Skyward Sword","Your Name, The Dark Knight, Harry Potter, Inception, Interstellar","Comfortably Numb, Shine On You Crazy Diamond, Wish You Were Here, Time, Money","Java, Python, C#, C++, Javascript, C",,"Avatar, SpongeBob, Parasyte, Steins Gate, Mob Psycho 100"
absalem,Abdallah,Salem,absalem,absalem@email.com,"Chicken, Cow, Goat, Camel","The Disposessed, An Inspector Calls, The Importance of Being Earnest, Return of the Spirit","India, Mali, Cuba, Germany, Serbia","Pizza, Gyro, Koshary, Baklava, Mahshi","MGS3, Hades, Disco Elysium, Valiant Hearts, Dead Cells","Night of the Counting of the Years, Terrorism and Kebab, Kes, Withnail and I, Trainspotting","Money, Another Brick in the Wall, Comfortably Numb, Time, Wish You Were Here","Python, Java, C++, C, MIPS","Sheffield United, Hibernian FC, Al Ahly SC, NY Cosmos, FC Union Berlin","Doctor Who, Utopia, Atlanta, Inside No 9, Mr Robot"
adanand,Adit,Anand,adit-anand,adit.anand03@gmail.com,"Lamb, Chicken, Fish, Ants, Clam","Born a Crime, Glass Castle, Grit, The Tipping Point, Freakonomics","Peru, Brazil, China, Egypt, Sweeden","Tacos, Crepes, Tofu Scramble, Palak Paneer, Tajine","Marvel's Spider-Man, Marvel's Spider-Man: Miles Morales, Super Smash Bros 4, Sonic Mania, NBA Jam","Just Mercy, Black Panther, Green Book, Mrs. Doubtfire, Spider-Man: Homecoming","Gunner's Dream, Comfortably Numb, Paranoid Eyes, Time, Shine On You Crazy Diamond","Python, R, JavaScript, SQL, Java","Philadelphia 76ers, New York Knicks, Golden State Warriors, Phoenix Mercury, Chicago Sky","Young Justice, Avatar the Last Airbender, The Daily Show, Fullmetal Alchemist, How It's Made"
afurey,Aidan,Furey,fistuvfurey,afurey@email.com,"Chicken, Cow, Pig, Alligator, Lamb","A Tree Grows in Brooklyn; A Soldier of the Great War; Guns, Germs, and Steel; The Great Gatsby, Of Mice and Men","Ireland, Spain, New Zeland, Japan, Germany","Gyro, Tacos, Pizza, Ice Cream, Cookies","Goldeneye, Mortal Kombat, Call of Duty, Mario Kart, Pong ",,,"Python, Java, Swift, JavaScript, Kotlin","Yankees, Knicks, Nets, Giants, Golden State Warriors",
ajeong,Alexandra,Jeong,ajeong,a@gmail.com,"Cow, Tuna, Chicken, Pig, Fish","Born a Crime, Glass Castle, Grit, The Tipping Point, Freakonomics","Japan, Hong Kong, Korea, China, Italy","Icecream, Crepes, Tomatoes, Steak, Sushi","TFT, League, Osu, Genshin Impact, Minecraft","Just Mercy, Black Panther, Green Book, Mrs. Doubtfire, Spider-Man: Homecoming","Gunner's Dream, Comfortably Numb, Paranoid Eyes, Time, Shine On You Crazy Diamond","Python, Java, Swift, JavaScript, Kotlin","Yankees, Knicks, Nets, Giants, Golden State Warriors","Cosmos, The Office, Squid Game, Lupin, Attack On Titan"
amohideen,Hana,Mohideen,hanamohideen,ahm@gmail.com,"Fish, Chicken, Cow, Goat, Shrimp","100 Years of Solitude, Deep Secret, The Left Hand of Darkness, The Dream Catcher, Mistborn","Spain, Japan, Morocco, Peru, Korea","Hot Pot, Dosa, Biriyani, Parota, Ramen",,,,"Python, Java, Javascript, Ruby, Solidity",,"Gintama, The Office,  Avatar,  Arrested Development, Riverdale"
anbarua,Aneek,Barua,anbarua,anookabara@gmail.com,"Chicken, Salmon, Turkey, Shrimp, Octopus",,,,"Minecraft, Skyrim, AC4, NFS Underground, COD MW2","Interstellar, No Country for Old Men, Hell or High Water, K3G, Yeh Jeewani Hai Deewani",,"C++, C, Python, RoR, Lua",,"FMAB, Code Geass, Peaky Blinders, Burn Notice, White Collar"
andyyang,Andy,Yang,andyyang,andy.yang@gmail.com,,"Harry Potter 1, Harry Potter 2, Harry Potter 3, Harry Potter 4, Harry Potter 5","China, South Korea, Japan, Hong Kong, Singapore","Greens, Beans, Potatoe, Tomatoe, Ham",,"Avengers1, Avengers2, Avengers3,  EndGame, IronMan1",,"Python, JavaScript, Java, OCaml, C",,
anltran,Anthony,Tran,Kano,kano@dragon.com,,,"Japan, Vietnam, Israel, South Korea, Italy",,"Kingdom Hearts, Persona 4 Golden, The World Ends With You, Zero Escape, Danganronpa","Spirited Away, A Silent Voice, Parasite, Howl's Moving Castle, Castle in the Sky",,"MIPS, Java, Python, Javascript, OCaml",,"Spongebob Squarepants, Avatar: The Last Airbender, Regular Show, Adventure Time, Doctor Who"
apizzulli,Anthony,Pizzulli,mutexMonster,antyp@gmail.com,"Deer, Cow, Chicken, Lamb, Salmon",,"Italy, Japan, Australia, France, South Korea","Shrimp scampi, Mac & cheese, Fried rice, Jerk chicken, Tacos",,,"Brain Damage, Time, Money, Another Brick in the Wall Pt.2, Breathe (In the Air)","JavaScript, Java, MATLAB, C, MIPS",,
arberkman,Aaron,Berkman,arberkman,arberkman@email.com,"Cow, Chicken, Pig, Lamb, Duck",,"Japan, Israel, Switzerland, UAE, Germany","Burgers, Tacos, Bacon, Steak, Pizza","Elder Scrolls, Halo, Bioshock, Destiny, GTA","Interstellar, Pulp Fiction, Donny Darko, Inglourious Basterds, The Prestige",,"C, Java, Python, OCaml, Javascript",,"Rick and Morty, Breaking Bad, South Park, Spongebob, Malcolm in the middle"
atojeda,Andrew,Ojeda,H8TRSHADES,sigmabolz@gotem.com,"Salmon, Cow, Chicken, Fish, Horse",,"Ireland, Chile, Japan, South Korea, France",,"Legend of Zelda: Majora's Mask, Super Smash Bros. Ultimate, Star Fox 64, Legend of Zelda: Breath of the Wild, Resident Evil 4",,"In The Flesh?, Wish You Were Here, Mother, Money, Another Brick In The Wall Part II","OCaml, MIPS, LOLCODE, Stack Overflow, F",,
avparmar,Avish ,Parmar,LoneS-,orbit.actual@yahoo.com,"Chicken, Cow, Monkey","Why We Sleep, How To Think Like A Monk, 7 Habits of Highly Effective People, Diary of a Wimpy Kid, Breath","Switzerland, Japan, South Korea, Spain, England","Masala Dosa, Pizza, Pav Bhaji, Pani Puri, Chana Masala","CS:GO, Valorant, World Of Tanks, Minecraft, Chess","Interstellar, Apollo 13, Castaway","Gunner's Dream, Comfortably Numb, Paranoid Eyes, Time, Shine On You Crazy Diamond","Java, JavaScript, Python, C++, R","Chelsea F.C., New York City F.C., LA Galaxy, Seattle Seahawks, New York Yankees","Cosmos, The Office, Squid Game, Lupin, Attack On Titan"
aypaul,Ayon,Paul,BeanFiddler,aypaul@aypaul.com,"Lamb, Chicken, Pig, Shrimp, Salmon","A Thousand Splendid Suns, Kite Runner, Maze Runner, When the Game was Ours, The Lightning Thief","Italy, Japan, France, England,Dubai","Butter chicken, chicken tikka masala, lamb chops, bacon, pizza","GTA 5, Spiderman, Batman Arkham Knight, NBA 2K16, Call of Duty Warzone","Avengers Endgame, Creed 2, The Shining, Coach Carter,  Toy Story 3",,"JavaScript, Java, Python, C#, Swift","NY Giants, NY Knicks, NY Yankees, New Orleans Saints, Los Angeles Lakers","Breaking Bad, Attack on Titan, Fullmetal Alchemist Brotherhood, Prison Break, Death Note"
aziafat,Anees,Ziafat,cripmac,aziaf@gmail.com,"Chicken, Cow, Salmon, Lamb, Turkey",,"Japan, Botswana, Russia, China, New Zealand","Chicken on rice, Sushi, Steak, Cheeseburger, Goat curry","Minecraft, Pokemon Platinum, CS:GO, Roblox, Bloons TD6 ","City of God, Gladiator, Shawshank Redemption, Spider-Man, Her",,"Java, Python, Javascript, C, MIPS",,"Breaking Bad, Mad Men, Better Call Saul, Cowboy Bebop, Death Note"
bennchen,Bennie,Chen,bennchen,benn@top.com,"Shrimp, Fish, Chicken, Beef, Pork",,"Korea, Japan, China, Taiwan, Canada","Salmon, rice, Fish tofu, Kimbap, roast pork",,,,"Python, Java, Javascript, C, MIPS",,
brllam,Brandon,Lam,Lamboyant,lamb@gmail.com,"Chicken, Salmon, Cow, Tuna, Tasselled Wobbegong",,"Japan, Hong Kong, South Korea, Singapore, U.K.","Adeptus' Temptation, Calla Lily Seafood Soup, Jueyun Chili Chicken, Chicken-Mushroom Skewer, Teyvat Fried Egg","League of Legends, Minecraft, Pokemon Showdown, New World, osu!","Avengers Endgame, Intersellar, The Beauty Inside, Demon Slayer: Mugen Train, CJ7",,"Java, Python, SQL, Javascript, Visual Basic","TSM, SKT T1, G2, FPX, TL","Anohana, Fate/Zero, Arcane, Promised Neverland (1st season only), Steins;Gate"
cannoor,,,,,,,,,,,,,,
caozheng,,,,,,,,,,,,,,
chencyang,Chencheng,Yang,fakeaccount,fakeacc@fake.com,"Cow, Chicken, Pig, Sheep, Dragon",,"Sweden, Norway, Netherland, Iceland, Switzerland","Fake Burrito, Fake Pasta, Fake Pizza, Fake Burger, Fake rice","GTA1, GTA2, GTA3, GTA4, GTA5",,,"C, C++, Python, Rust, Go",,
chengdong,Chengzhi,Dong,zzzZhi,zzzZhi@gmail.com,"Lamb, Salmon, Chicken, Beef, Pig","Harry Potter, The Three-Body Problem, The Hitchhiker's Guide to the Galaxy, The Giver, Murder on the Orient Express","China, Japan, Korea, Italy, France","Sushi, Ramen, Steak, Pizza, Sandwich","Maplestory, Monster Hunter, League of Legends, Pokemon, Terraria","3 Idiots, The Godfather, Hachi: A Dog's Tale, Life of Pi, Kung Fu Hustle","Wish You Were Here, The Final Cut, Comfortably Numb, Shine On You Crazy Diamond, Echoes","Java, Python, JavaScript, C, C++","RNG, EDG, IG, WE, FPX","The Office, Friends, The Big Bang Theory, Game of Thrones, Rick and Morty"
chrchau,Christina,Chau,cchau,cchau@gmail.com,"Pig, Shrimp, Fish, Chicken, Cow","Throne of Glass, Crazy Rich Asians, The One that Got Away, Atomic Habits, Game of Thrones","Korea, France, Vietnam, Japan, Taiwan",,"Minecraft, Mario Odyssey, Animal Crossing, Cats Quest, Zelda Breath of the Wild","Crazy Rich Asians, Shang Chi, This is Love, Raya, The Eternals",,"Java, Python, Swift, javascipt, C++",,"Dynasty, Lucifer, Friends , New Girl, You"
chunghkim,Aisen,Kim,akakak,ak15@gmail.com,"Chicken, Beef, Lamb, Fish, Turkey",,"Korea, Spain, Portugal, Taiwan, Mexico","Pad Thai, Chipotle, Rice, Chicken Breast, Greek Yogurt",,,,"Java, Python, Typescript, Go, Kotlin","Tottenham Hotspurs, Toronto Blue Jays, Calgary Flames, San Diego Padres, New York Rangers",
chwoo,Chester,Woo,c_woo,chester@chester.com,"Cow,Lamb,Chicken,Pork,Duck",,"Germany,Japan,Poland,Korea,China",,,,,"Python,Java,C++,PHP,Perl",,
crcollinswor,Carwyn,Collinsworth,Mckenna_Dilemma,mc@gmail.com,"Chicken,Salmon,Dog,Human,Giraffe","Harry Potter 3, Harry Potter 4, Harry Potter 5, Harry Potter 6, Harry Potter 7","Germany,Spain,Italy,Brazil,Canada","Garbage Plate,Hot Dog,Burger,Salad,Squid","Patty Cake,GTAV,Dota2,LoL,Minecraft","Catch me if you can,Godzilla vs Kong,The Lion King,FF5, FF6","The Final Cut, Stop, Seamus, Outside the Wall, Welcome to the machine","C,C++,C#,D-Flat Major,LolCode","New York Mets, New York Jets, New York Yankees, Los Angeles Rams, NY Giants","Avatar, Legend of Korra, How to catch a Murderer, Rick and Morty, One Punch Man"
cyee,Coby,Yee,guest,fake@email.com,"Chicken, Fish, Pig, Cow, Turkey","Diary of a Wimpy Kid, Diary of a Wimpy Kid 1, Diary of a Wimpy Kid 2, Diary of a Wimpy Kid 3, Diary of a Wimpy Kid 4","Japan, Korea, Italy, Spain, Greece","Sushi, Ramen, Burgers, Chicken wings, Pasta","Apex Legends, Valorant, Pokemon, League of Legends, Minecraft","Spiderman, Spiderman 2, Spiderman 3, The Amazing Spiderman, The Amazing Spiderman 2","Comfortably Numb, Wish You Were Here, TIme, Money, Echoes","Java, C++, Javascript, Python, C","New York Knicks, New York Giants, Golden State Warriors, Milwaukee Bucks, Los Angelos Clippers","Friends, Criminal Minds, Squid Game, How to Get Away With Murder, The Walking Dead"
cyipguoli,Charles,Yip Guoli,cyg0719,yipguoli@me.com,"Chicken, Fish, Pig, Rabbit, Lamb","Game of Thrones, Xanathar's Guide to Everything, Van Richten's Guide to Ravenloft, Tasha's Cauldron of Everything, Volo's Guide to Monsters","Switzerland, Poland, Japan, Belgium, Norway","Feijoada, Pizza, Taco, Burrito, Dumpling","Dota2, League of Legends, Tibia,  Final Fantasy XIV, Tetris ","Avengers, Downfall, 1917, Paranormal Activity , Saw","The Final Cut, Stop, Seamus, Outside the Wall, Welcome to the machine","C, C++, C#, Python, Java","New York Yankees, Lakers, New York Giants, Philadelphia Eagles","Friends, Arcane, South Park, Breaking Bad, Shark Tank"
daniewu,Daniel,Wu,dwoo,dan@sabrina.com,"Bird, Fish, Cow, Pig, Goat","Harry Potter 1, Harry Potter 3, Harry Potter 5, Harry Potter 6, Harry Potter 7","Taiwan, Korea, Japan, United States, Sweden","Mr. Kim Teriyaki Steak and Cheese, Eel bowl, Salmon roll, Grilled Chicken, Chocolate","Wind Waker, Breath of the Wild, Skyward Sword, Twilight Princess, Majora's Mask","Harry Potter 1, Harry Potter 3, Harry Potter 5, Harry Potter 6, Harry Potter 7",,"C++, Python, Haskell, MIPS, LaTeX",,"Avatar, The Office, Rick and Morty, South Park, ?"
davidhuang,David,Huang,dummy,dummy123@gmail.com,,"Harry Potter, Percy Jackson, Hunger Games, Naruto, Bleach",,"Pizza, Milk, Beans, Fruits, Bread","LoL, Fortnite, CoC, CR, Genshin Impact","Avengers, Harry Potter, Avatar, Cars, Up",,"C, C++, Java, Python, Javascript",,
davsilverman,David,Silverman,daveed,ds@gmail.com,"Cow, Chicken, Pig, Turkey, Lamb",,"Finland, New Zealand, France, Norway, Sweden","Steak, Chicken, Pizza, Pancakes, Burger","Super Mario Galaxy 2, Pokemon White, Pikmin 3, Celeste, Plants vs Zombies","Avengers Infinity War, Hereditary, Kingsman, It Follows, A Quiet Place",,"Java, Javascript, MIPS, Python, OCaml",,"The Office, Criminal Minds, Black Mirror, Friends, Two and a Half Men"
derewang,Derek,Wang,admin,admin,"Chicken, cow, pig, fish, crab","The Big Book of Bugs, 1984, Heaven, Paradise Lost, Sadako and the Thousand Paper Cranes, The Algorithm Design Manual","China, Germany, Dominican Republic, Netherlands, New Zealand","Dumplings, Beef Noodle Soup, Scallion Pancakes, Lamb over Rice, Fries","League of Legends, Rimworld, Path of Exile, Minecraft, Starcraft 2","The Godfather 2, The Godfather, Terminator 2, I am Legend, Arrietty","Gunner's Dream, Comfortably Numb, Paranoid Eyes, Time, Shine On You Crazy Diamond","Python, Java, OCaml, MIPS, Standard ML of New Jersey","Barcelona, New York Yankees, Chicago Bulls, New England Patriots, Dallas Cowboys","Avatar, The Office, Full Metal Alchemist Brotherhood, Code Geass, Arcane"
dgarofolo,Dino,Garofolo,dsg715,dinog@gmail.com,"Chicken, Pig, Cow, Lamb, Fish","Jane Eyre, Great Expectations, 1984, Animal Farm, The Crucible","France, Japan, Italy, England, Canada","Avocado, Dumplings, Hamburgers, Asparagus, Mozzarella Sticks","Minecraft, Among Us, Kirby, Cookie Clicker, Fall Guys ","Whatever Happened to Baby Jane, MA, Toy Story, Spongebob Squarepants Movie, A Star is Born","Comfortably Numb, Time, Learning to Fly, Us and Them, Hey You","Java, Javascript, React, Angular, Vue","New York Yankees, New York Mets, New York Giants, New York Knicks, New York Rangers","Tom and Jerry, Spongebob Squarepants, Squid Game, Sesame Street, Twin Peaks"
dtung,Darren,Tung,dtung,darren_tung@hotmail.com,"Chicken, Lamb, Cow, Pig, Fish","Beat The Dealer, The World of Yesterday, How to Win Friends and Influence People, A Brief History of Time, The Great Gatsby","Japan, Germany, South Korea, Vietnam, Thailand","Fried Rice, Sushi, Dim Sum, French Toast, Orange","Fire Emblem, Osu, Pokemon, Blackjack, Monopoly","Fantasia, Spirited Away, Amadeus, Forrest Gump, Pulp Fiction",,"Python, R, SQL, Javascript, MATLAB","Los Angeles Rams, Toronto Blue Jays, New York Islanders, Phoenix Suns, Manchester City","Shark Tank, K-On, The Amazing Race, Star Trek, Hell's Kitchen"
echiu,Eric,Chiu,ec12345,ec12345@gmail.com,"Fish, Pig, Lamb, Cow, Chicken","Hamlet, The Catcher in the Rye, To Kill a Mockingbird, The Great Gatsby, Jane Eyre",,"Beef Soup, Fried Rice, Chicken Soup, Sushi, Dumplings",,,"Comfortably Numb, Wish You Were Here, Time, Shine On You Crazy Diamond, Money","Java, Python, C, JavaScript, OCaml",,
egrunblatt,Eric ,Grunblatt,egrunblatt,egrun@gmail.com,,,,"Sushi, Burgers, Pizza, Chocolate, Fries","Minecraft, GTA, COD, Battlefield, Rocket League ",,"Comfortably Numb, Time, Wish You Were Here, Breathe (In the Air), Us and Them","Java, JavaScript, Python, MIPS, Matlab","New York Mets, New York Jets, New York Nets, New Jersey Devils, New York Yankees",
elharris,Elijah,Harris,elharris,eliharr@wahooie.com,"Turkey, Cow, Chicken, Lamb, Fish",,"Japan, France, Spain, Italy, Greece",,"Super Smash Bros Ultimate, Super Mario Galaxy, Dragon Ball FighterZ, Nier Automata, Tetris","The Lion King, Toy Story, Fantasia, The Avengers, Inception",,"Python, Java, JavaScript, C++, TypeScript",,
erfan,Eric,Fan,erfan,12345@gmail.com,"Fish, cow, chicken, bison, lamb",,"Iceland, Germany, Switzerland, France, Japan","Steak, Burgers, Sushi, Noodles, Dim Sum","LOL, Minecraft, MHW, BTD6, BL3",,,"Java, Python, JavaScript, C++, Swift",,
erruan,Eric,Ruan,erruan,coolguy@xyz.com,"Cow, Chicken, Pig, Lamb, Fish",,"Japan, Hong Kong, Netherlands, France, Germany",,"Skyrim, Fallout 4, Breath of the Wild, Halo Reach, Guild Wars 2",,,"Python, TypeScript, JavaScript, Java, C",,"Breaking Bad, Better Call Saul, Bob's Burger, The Expanse, The Mandolorian "
eubaek,Eunbi,Baek,eubaek,eubaek@gmail.com,"Pig, Cow, Chicken, Turkey, Fish",,"Japan, Iceland, Norway, Sweden, Korea","Chicken, Steak, Ramen, Fried Rice, Sushi",,,,"Python, Java, JavaScript, C++, C",,"Lucifer, Arcane, You, HunterxHunter, Naruto"
gbellam,Gayatri,Bellam,gbell,gbell@gmail.com,,"Harry Potter and The Chamber of Secrets, The Son of Neptune, Anne of Green Gables, Nancy Drew, Sense and Sensibility","Italy, Mexico, Japan, Ireland, France","Chocolate, Ice Cream, Samosas, Biryani, Naan","Minecraft, GeoGuessr, Among Us, Crab Game, Poptropica",Home Alone,,"Java, Python, JavaScript, SQL, Swift",,"Shark Tank, The Rookie, 9-1-1, Schitt's Creek, The Flash "
gbermejo,,,,,,,,,,,,,,
gecheng,George,Cheng,gc12345,gc12345@yahoo.com,"Duck, Pig, Lamb, Cow, Chicken","Outliers, Hamlet, The Count of Monte Cristo, To Kill A Mockingbird, Inviting Disaster","Italy, Japan, United Kingdom, Isreal, Australia","Roast Duck, Pork Belly, Noodles, Tomatoes and Eggs, Mashed Potatoes","Earthbound, Pokemon, Minecraft, Super Smash Bros., Yugioh","Star Wars V, The Life of Brian, Megamind, Karate Kid (1984), Amores Perros","?, ?, ?, ?, ?","Java, Python, JavaScript, MIPS, OCaml","Stony Brook Seawolves, New York Knicks, Toranto Raptors, Boston Red Socks, Brooklyn Nets","Space Dandy, Courage the Cowardly Dog, Mob Psycho 100, Unsolved Mysteries, Steven Universe (Not Future)"
geliang,George,Liang,gliang,gliang@gmail.com,"Cow, Chicken, Pig, Lobster, Crab","The Great Gatsby, To Kill a Mockingbird, Odyssey, Hamlet, Pride and Prejudice","South Korea, Japan, China, Italy, Netherlands","Korean Fried Chicken, Corn Dogs, Dumplings, Pizza Rolls, Hot Pockets","Valorant, League of Legends, Apex Legends, Rust, CSGO",,,,,
glima,Gabriello,Lima,glima,glima@sbu.com,"Chicken, Cow, Pig, Duck, Fish","Harry potter, Harry potter 1, Harry potter 2, Harry potter 3, Harry potter 4","Germany, Norway, Sweden, Mexico, Russia","Pizza, Sesame Chicken, Shrimp Fried Rice, Avacado, Banana ","Rust, League of Legends, Monopoly, Risk, Stardew Valley","Toy Story, Toy Story 2, Toy Story 3, Toy Story 4, My Life is a Joke","Round and Around, Two sun in the Sunset, Obscured by clouds, Pow R. Toc H., Julia Dream","Java, Python, C, C++, C#","Minnesota Vikings, Green Bay Packers, Chicago Bears, Boston Red Sox, Colorado Rockies","Big Bang, Jeopardy, The Flash, Green Arrow, Kung Fu Panda: Legends of Awesomeness"
harrkim,Harry,Kim,hairy,hairyemail@yahoo.com ,"Chicken, Cow, Monkey",,"South Korea, Japan","Fried Chicken, Spaghetti","League of Legends, Red Dead Redemption 2",Spider-Man 2,,"Python, Java",,Arcane
haweng,Haoran,Weng,haweng,my@gmail.com,"Cow, Crab, Shrimp, Lobster, Chicken","The Miracles of the Namiya General Store, The Storied Life of A. J. Fikry, Three Body, The Alchemist, Journey Under the Midnight Sun","Japan, Britain, Italy, France, Canada","Ice Cream, Ramen, Sushi, Fried Rice, Pizza","Dark Souls, Monster Hunter, Skyrim, SMT, GTA","Spider man, The Dark Knight, The Day of the Doctor, 1917, Dead Poets Society ","Comfortably Numb, Wish You Were Here, Time, Shine On You Crazy Diamond, Money","Java, Python, MIPS, JavaScript, C","Houston Rockets, Chelsea, Manchester United, Lakers, Knicks","The Office, How I Met Your Mother,  The Grand Tour, Futurama, Doctor Who"
hedwang,Simon,Wang,hwang,great@simonh.wang,"Lamb, Cow, Pig, Chicken, Fish","The Three-Body Problem, 1984, Harry Potter,A Brief History of Humankind,The Little Prince","China, Japan, Britain, Sweden, North Korea","Hotpot, Sashimi, Dumplings, Fried Chicken, Ice Cream","Legend of Zelda: Breath of the Wild, DOTA2, Tetris, Super Smash Bros, Minecraft","Spider-Man Homecoming, Iron Man, Iron Man 2, Iron Man 3, Guardians of the Galaxy","?,?,?,?,?","Python, Java, Javascript, MIPS, Ocaml","?,?,?,?,?","Breaking Bad, SAO, Curb Your Enthusiasm, House, Doctor Who"
hkamran,Haris,Kamran,HarisK,Hk@gmail.com,"chicken, cow, shrimp, turkey, pig",,"Japan, Korea, China, Singapore, Thailand",,"Bravely Default, Nier: Automata, Persona 5, Fire Emblem, League of Legends",,,"Java, Python, Mips, C++, C#",,
hongcli,Hongcheng,Li,li2000317,HL@sbu.com,"chicken,pig,turkey",The Expanse,"CANADA,MEXICO",taco,"WOW,EVE",megamind,,"MIPS,Ocaml,Ruby",BLG,yes prime minister
hongzhu,Eddie ,Zhu,hongzhu,hongzhu@sbu.com,"pig, cow, chicken, lamb, fish","Harry Potter, The Giver, One Flew Over The Cuckoos Nest, 1984, Hunger Games","Korea, Canada, France, Netherlands, Germany","Pork Belly, Ribs, Steak, Fries, Broccoli","Call Of Duty, League of Legends, Mario Kart Tour, DOOM Eternal, CS:GO","Harry Potter, Spiderman 3, Kung Fu Panda, Karate Kid, 40 Year Old Virgin","Comfortably Numb, Time, Shine Crazy On You Diamond, Wish You Were Here, Hey You ","Java, Javascript, Python, C++, MIPS","New York Nets, New York Giants, New York Jets, New York Yankees, New York Mets",
hrrajput,Hruday,Rajput,hrrajput,untxrned@gmail.com,"Chicken, Pig, Lamb, ?, ?","Harry Potter, The Order of Time, Rich Dad Poor Dad, 48 Laws of Power, Supermarket","Switzerland, Greenland, India, UAE, Italy","Halal Cart Food, Indian Food, Pizza, Chocolates, Sweets","Gran Turismo Sport, GTA, Fortnite, Call of Duty, F1","Interstellar, Inception, Iron Man Series, The Social Network, Wolf of Wall Street",,"Java, Python, JavaScript, Ruby, MIPS",,"Breaking Bad, Ozark, Prison Break, Narcos, Money Heist"
hualin1,hua,lin,hualin1,HL@sbu.com,"chicken,pig,turkey",,"china,korea",BBQ,LOL,Spider man,"Shine On You Crazy Diamond, Comfortably Numb, Pigs(Three Different Ones), Echoes(Live at Pompeii), Time","java,python,",New York Nets,"Breaking Bad, Ozark, Prison Break, Narcos, Money Heist"
huang42,Alex,Huang,ape,ape@gmail.com,"chicken, cow, pig, duck, turkey","I,don't,read,any,books","I'll,die,never,leaving,new york","fried chicken,burgers,pizza,sandwhiches,lasgna","val,cs,tft,chess,cookie clicker","random movie 1,2,3,4,5",too young to know what this is,"java,java,java,java,java",,
hyeocho,John,Cho,hyeocho,jc@gmail.com,"chicken, cow, pig, duck, turkey","Lord of the flies,  Harry Potter,  hunger game,  Iliad, Odyssey","korea, russia, Ukraine, Japan, Germany","pizza, sandwich, hamburger, sushi, ramen","league of legends, starcraft, maplestory, overwatch, hearthstone","chronicles of Narnia, lord of the rings, spiderman, avengers, venom","?, ?, ?, ?, ? ","C, Java, Python, Javascript, MIPS","Chelsea, Manchester United, Liverpool, Wolves, Man City","?,?,?,?,?"
jalliu,Jack,Liu,jalliu,jack@liu.com,"chicken, cow, pig, shrimp, fish","A Wrinkle In Time, Jurassic Park, And Then There Were None, The Great Gatsby, Artemis Fowl","China, Japan, Korea, Canada, England","Steak, Sushi, Pizza, Fried Chicken, Dumplings","TFT, Valorant, League of Legends, Minecraft, Red Alert 2","Shang-Chi, Endgame, Parasite, Infinity War, Inside Out","Shine On You Crazy Diamond, Comfortably Numb, Pigs(Three Different Ones), Echoes(Live at Pompeii), Time","Java, C, Python, Javascript, MIPS","New York Nets, New York Giants, New York Jets, New York Yankees, New York Mets","Arcane, Squid Game, House MD, Brooklyn Nine Nine, Psych"
jarichichi,Jacob,Richichi,jarichichi,richichichichi@gmail.com,"chickens, cows, pigs, flounder, salmon",,"Sweden, Netherlands, Japan, South Korea, Australia","Pizza, chicken tendies, salad, ravioli, burrito","Madden, Rocket League, CSGO, NBA 2K, Crab Games","Boiler Room, Hannibal, Cabin in the Woods, Paul Blart Mall Cop, Training Day","several species of small furry animals gathered together in a cave and grooving with a pict, I Love Rock and Roll, I wanna hold your hand, don't stop believin, back in black","Fortran, Python, Java, Javascript, SQL","Nets, Mets, Jets, Giants, Knicks","Curb Your Enthusiasm, Impractical Jokers, Mr. Robot, Breaking Bad"
jasguo,Jason,Guo,jasguo,jasguo@gmail.com,"Chicken, Cow, Pig, Duck, Fish",,"Japan, South Korea, Germany, United Kingdom, Taiwan",,"Halo, Call Of Duty, League of Legends, Minecraft, Final Fantasy 14",,"Comfortably Numb, Shine On You Crazy Diamond, Wish You Were Here, Time,  Money","Javascript, Java, Python, C, C#",,
jasonwu,Jason,Wu,jwu,jwu@gmail.com,"chicken,fish,cow,duck,rabbit","The Lightning Thief, The Sea of Monsters, The Beginning of the End, The Titan's Curse, The Last Olympian","China, Japan, Korea, Germany, France","Fried Chicken, Pizza, Sushi, Hamburger, Fries","League of Legends, Genshin, Overwatch, Epic Seven, Minecraft","Spider-Man Homecoming, Iron Man, Iron Man 2, Iron Man 3, Guardians of the Galaxy","Comfortably Numb, Shine On You Crazy Diamond, Wish You Were Here, Time,  Money","Javascript, Java, Python, Mips, C","Atlanta Braves, Reno Aces, BC lions, Atlanta Hawks, Brooklyn Nets","Arcane, Inside job, Squid Game, The Office, Avatar"
jasozheng,Jason,Zheng,joemama,joemama@joedad.com,"Chicken, Cow, Pig, Duck, Fish","Applied Combinatorics, The Algorithm Design Manual, Introduction to Linear Algebra, Probability and Statistics for Science and Engineering with Examples in R, The Data Science Design Manual","Chad, Swaziland, Christmas Island, North Korea, Virgin Island","Chicken Wing, Steak, Ice Cream, Pizza, Crab Leg","GTA5, Valorant, League of Legend, Minecraft, CSGO","Spider-Man, Superman, Iron Man, IT, Insidious","Comfortably Numb, Shine On You Crazy Diamond, Wish You Were Here, Time,  Money","Brainf*ck, LOLCODE, Whitespace, Python, Java","Nets, Knicks, Lakers, Giants, Yankees","Squid Game, Alice in Borderland, How I met your mother, Simpsons, Crash Landing on You"
jattam,Jason,Tam,jattam,jattam@gmail.com,"chicken, fish, shrimp, cow, duck",,"Japan, Korea, Singapore, France, England","Spaghetti, Pizza, Burgers, Sushi, Tacos","TFT, Valorant, Pok√©mon, Osu, Minecraft",,,"Java, Javascript, Python, C++, Haskell",,"The Office, Arcane. Squid Game, Family Guy, Avatar"
jcchan,Jonathan,Chan,jchan,jon@gmail.com,"Pig, Cow, Chicken, Salmon, Cod",,"Korea, Germany, Hong Kong, Greenland, Bangladesh","Tomato, rice, egg, pork, onions","Mount and Blade, Underrail, League, Borderlands 2, Eternal Return","Shaolin Soccer, God of Cookery, Fight Club, Parasite, Wall-E","?, ?, ?, ?, ?","Java, Javascript, Python, C#, Kotlin","Yankees, Mets, ?, ?, ?","Community, Power Rangers Jungle Fury, Power Rangers Mystic Force, Power Rangers RPM, Ping Pong the animation"
jefhu,Jeffrey,Hu,candice,whoasked@deez.com,"Chicken, cow, lamb, fish, turkey",,"Japan, Korea, Italy, Greece, Spain","Fried Chicken, Steak, Dumplings, Pasta, Pizza, ",,,,"Java, Python, JavaScript, R, Mips","Hornets, Bulls, Nets, Celtics, Knicks",
jenfu,Jenny,Fu,jennny,jennny@gmail.com,"Squid, Chicken, Shrimp, Cow, Fish",,"South Korea, Japan, China, France, Italy","Sashimi, Sushi, Korean Fried Chicken, Eggs, Strawberries",,"Parasite, Coco, Shangchi and the Legend of the Ten Rings, Soul, Godzilla vs. Kong",,,,"Alice in Borderland, Squid Game, Behind Her Eyes, Money Heist, The 100"
jiajunchen,jiajun,chen,jiajunchen,jiajun@gmail.com,"chicken, cow, crab, pig, tucky",,"China, France, Germany, Italy, United State","Pizza, sushi, seafood, french fries, apple","lol, steam, apex, among us, call of duty","arcane, you, money heist, the queen gambit, 100","easy on me, chasing pavements, hello, cut throat, water under the bridge","Python, react, JavaScript, Java, C++","Nets, Lakers, Warriors, EDG, RNG","arcane, you, money heist, the queen gambit, 100"
jiayihe,Jia Yi,He,jiayihe,jiayihe@gmail.com,"chicken,cow,fish,shrimp,pig","?,?,?,?,?","China,Korea,Japan,Italy,Chile","Hotpot, Fried Chicken, Ice Cream, Steak, Sushi","PUBG Mobile, Arena of Valor, Candy Crush, 2048, Tetris","Avengers,Green Book, Frozen, The Great Gatsby, Spiderman","?,?,?,?,?","Java, Python, Mips, JavaScript","?,?,?,?,?","Game of Thrones, Modern Family, Squid Game, Spongebob, Tom and Jerry"
jinli3,Jin,Li,jinkies,jinki@gmail.com,"Fish, Duck, Lobster, Pork, Crab","The Little Prince, To Kill a Mocking Bird, Hillbilly Elegy, When Breath Becomes Air, Waiting for Godot","Spain, France, Switzerland, Monaco, Russia","Sushi, Peking Duck, tteokbokki, noodles, gummy bears","Tetris, 2048, PUBG, Mario Kart, FIFA","The Great Gatsby, Elf, Romeo and Juliet, Roman Holiday, Home Alone","Wish You Were Here, Comfortably Numb, Time, Us & Them, Goodbye Blue Sky","Python, JavaScript, Java, R, SQL","Knicks, Lakers, Patriots, Yankees, Giants","Friends, The Big Bang Theory, Two and a Half Men, Sex Education, iCarly"
jjcai,Justin,Cai,jjcai,dog@dog.com,"Cow,chicken,pig,lobster,shrimp",,"Japan,South Korea,France,Canada,Spain","Steak,Fried chicken,sushi, fries,baconeggandcheeseonaroll","Minecraft,League of Legends, Valorant, CSGO, Rust",,,"Python,JavaScript, Java, C++,C",,
jkartzman,Joshua,Kartzman,jkartzman,josh@josh.com,"Cow,chicken,pig,lobster,shrimp","Manufacturing Consent, Watchmen, Golem XIV, Foundation, Solaris","Japan,South Korea,France,Canada,Spain","Steak, Sushi, Salmon, Knish, Pancakes","Yakuza 0, Tetris, Chess, Apex, EU4","The Dark Knight, Rain Man, Citizen Kane, Star Wars, Gladiator","Wish You Were Here, Comfortably Numb, Time, Us & Them, Goodbye Blue Sky","Python, JavaScript, Java, R, SQL","Knicks, Lakers, Patriots, Yankees, Giants","Breaking Bad, SAO, Curb Your Enthusiasm, House"
jlfong,Jason,Fong,jlfong,jlfong@fong.com,"Beef, Pork, Salmon, Chicken, Lamb","Reading, is, very, hard, Data Structure Textbook","China, Korea, Japan, Hong Kong, Taiwan","Dumplings, Fried Rice, Noodles, Steak, Sushi","CSGO, Valorant, League of Legends, Arma 3, hearthstone",,,"Java, JavaScript, Python, English, Chinese",,"Alice in Borderland, Squid Game, Behind Her Eyes, Money Heist, The 100"
jnweinstein,Jacob,Weinstein,jnweinstein,abcd@rfg.com,"Jaguars, Lions, Tigers, Cougars, Mountain Lions","Anna Karenina, Great Expectations, War and Peace, Pride and Prejudice, Book12","Austria, Argentina, Vietnam, Arugula, Aruba","Chocolate, Brownies, Cookies, Cakes, Eels",,,,"Python, JavaScript, Java, Ocaml, Haskell",,
johbernard,Johairi,Bernard,johbernard,johbernard@sbu.com,"cow, chicken, fish, shrimp, crab","?,?,?,?,?","Jamaica, Puerto Rico, Spain, Japan, Canada","Pizza, Poke Bowls, Steak, Fried Chicken, Halal","GTA V, Warframe, Ghost of Tsushima, Red Dead Redemption, Call of Duty","?,?,?,?,?","?,?,?,?,?","Java, Python, JavaScript, Mips, ?","New York Yankees, Boston Red Sox, Toronto Blue Jays, Cincinati Reds, Golden State Warriors","?,?,?,?,?"
jonmin,Jonathan,Min,jonmin,jonmin@email.com,"Cow, Chicken, Pig, Fish, Shrimp",,"Japan, South Korea, Australia, Singapore, China","Steak, Burgers, Quesadillas, Sushi, Pizza","Witcher 3, Sekiro, Batman Arkham City, Deus Ex Human Revolution, CS:GO ",,,"Python, Java, JavaScript, OCaml, R",,"Fullmetal Alchemist Brotherhood, Naruto, Archer, Demon Slayer, Transformers Prime"
joolee,Joonyoung,Lee,joolee,jy73036476@naver.com,"Beef,Pork,Chicken",,"South Korea, Philippines, Ukraine, Spain, Germany","Steak, Ramyeon, Fried Chicken, Soju, Beer","League of Legend, Startcrfat, Kartrider, TFT, Overwatch","Titanic, Notebook, Ironman, Sound of Music, Harry Potter",,"Java, R, Python, C, OCaml","FC Barcelona, Paris Saint-Germain, FC Bayern Munich, New York Yankees, Goldent States Warriors",
joshmathew,Joshua,Mathew,joshmathew,jmath@india.com,"Salmon, Chicken, Lamb, Goat, Lobster","War and Peace, The Brothers Karamazov, The Sound and the Fury, No Country for Old Men, Screwtape Letters","Greece, Russia, Spain, Ireland, Georgia","Pizza, Pad See Ew, Chicken Tikka Masala, Pho, Sushi",,"Get Out, The Lord of the Rings, Inception, Great Gatsby, Iron Man 1",,"Java, Javascript, Python, Ruby, C++","Knicks, Giants, Islanders, Mets, Manchester United","The Office, Everybody Hates Chris, Drake and Josh, Demon Slayer, Impractical Jokers"
jrajan,Joshua,Rajan,joshramen,josh@ramen.co,"Squid, Chicken, Pig, Shrimp, Cow",,"Japan, Italy, Ireland, New Zealand, South Korea","Pad Thai, Sushi, Pork Buns, Cheesecake, Chicken Tikka Masala","OMORI, Mother 3, Hades, Enter the Gungeon, Super Smash Bros. Ultimate","A Silent Voice, Spider-Man: Into the Spider-Verse, Kizumonogatari, The Suicide Squad, Weathering With You",,"JavaScript, Java, Python, SML, C++",,"Mob Psycho 100, Kaguya-sama: Love is War, Invincible, Jujutsu Kaisen, Attack on Titan"
jsgeorge,,,,,,,,,,,,,,
junylin,Jun Yi,Lin,jljun,jun0001@cmail.com,"Chicken, pig, fish, shrimp, cow",,"China, Japan, Greek, Italy, France","rice,hotpot, choclate, sushi, pizza",,,"Shine On You Crazy Diamond, Comfortably Numb, Pigs, Time, Echoes","java, python, JavaScript, C, mip",,
justzhang,Justin,Zhang,Justin,justzhang@gmail.com,"cow, pig, lamb, chicken, duck",,,,"Minecraft, Borderlands 2, borderlands 3, battlefield, league of legends ","Knives out, Great Gatsby, Shang Chi, Thor Ragnarok, Hitman's Bodyguard",,"java, javascript, python, c++, ocaml",,"Witcher, Mandalorian, Loki, Arcane, The Falcon and the Winter soldier"
jzkang,Jerry,Kang,jerrykang,abc@xyz.com,"Chickens, Cow, Pig, Fish, Lamb",,"Korea, Sweden, Japan, Norway, Russia","Hamburger, Sushi, Pizza, Fried Chicken, Rice","League of Legends, Escape from Tarkov, Pac Man, Tic Tac Toe, Tetris","Inception, The Hunger Games, Parasite, Forrest gump, John Wick",,"Java, JavaScript, Python, OCaml, C#",,"sherlock, bojack horseman, black mirror, law and order, bigbang theory"
kaiqliang,KaiQi,Liang,kl2023,kl2023@gmail.com,"Cow, Chicken, Pig, Lamb, Duck","Harry Potter and the Prisoner of Azkaban, The Mysterious Benedict Society, The Search for WondLa, Harry Potter and the Sorceror's Stone, Harry Potter and the Chamber of Secrets","Korea, Japan, Singapore, Italy, Iceland","Sushi, Ramen, Soup dumplings, Mango sago, Bread bowl","Overcooked 2, Apex Legends, League of Legends, Dead by Daylight, Valorant","Spy Kids 2, Spy Kids, How to Train Your Dragon 2, Kung Fu Panda 2, Kung Fu Panda",,"Python, Java, C, Javascript, R",,"The Irregular at Magic High School, Busted, Love O2O, The King's Avatar, Hotel Del Luna"
kchetan,,,,,,,,,,,,,,
kecalle,Kevin ,Calle,kecalle,kac123@gmail.com,"chicken, cow, pig, lamb, duck",,"England, Japan, Spain, Korea, France ","Fries, Pizza, Empanadas, Fried Wings, Steak",,,"Wish You Were Here, Time, Dogs, Comfortably Numb, Shine on you crazy diamond","Python, C, Java, Javascript, C#",,
kyyee,Kyle,Yee,kyyee,kyyee@potato.com,"Pig, Chicken, Cow, Lamb, Fish",,,"Rice, Cheeseburger, Chicken Parm, Schnitzel, Sushi","Minecraft, League of Legends, Rocket League, Super Smash Bros, Risk of Rain 2",,,"Python, Java, JavaScript, OCaml, Assmebly",,"Arcane, Friends, Impractical Jokers, The Office, Avatar: The Last Airbender"
lincnguyen,Lincoln,Nguyen,lincolnnguyen18,lincolnnguyen18@email.com,"Cow, Chicken, Pig, Sheep, Goat","Doraemon, Harry Potter, Spice and Wolf, Mushoku Tensei, Mein Kampf","Japan, Germany, Korea, Russia, France","Soylent, Rice, Tofu, Spam, Eggs","BeGone, Dominus, Roblox, Minecraft, Dominus","Doraemon, Harry Potter, Spongebob, Tom and Jerry, Phineas and Ferb","Comfortably Numb, Time, Echoes, Brain Damage, Astronomy Domine","Java, JavaScript, Python, Swift","Giants, Nets, Jets, Steelers, Rangers","Breaking Bad, Dexter, Hannibal, Daredevil, Bojack Horseman"
mbroadbent,Matthew,Broadbent,mattjb01,mattjb@sbu.com,"Chicken, Cows, Pigs, Lamb, Duck",,"Japan, Germany, Korea, France, Sweden",,"League of Legends, Hollow Knight, Valorant, Pokemon, Minecraft",,,"Java, JavaScript, Python, C, Dart",,"Game of Thrones, Avatar: The Last Airbender, Attack on Titan, Stars Align, The Promised Neverland"
meabedin,Mohidul,Abedin,meabedin,mea@sbu.com,"Cow, Chicken, Pig, Sheep, Goat","Inferno, Cloud Atlas, Catch-22, 1984, The Hitchhiker's Guide to the Galaxy","Japan, Sweden, New Zealand, Liechtenstein, South Korea ","Fried Chicken, Ramen, Pho, Sushi, Pizza","Portal 2, Devil May Cry 5, Pokemon Platinum, Batman Arkham City, Path of Exile","The Dark Knight, The Silence of the Lambs, The Prestige, Donnie Darko, Terminator 2","Comfortably Numb, Time, Echoes, Brain Damage, Astronomy Domine","Java, Python, C, Javascript, OCaml","lakers, celtics, patriots, steelers, 49ers","Breaking Bad, Dexter, Hannibal, Daredevil, Bojack Horseman"
mguarrasi,Michael,Guarrasi,mguarrasi,mike@sbu.com,"Pigs, Cows, Rabbits, Fish, Sheep",,"Japan, China, Germany, France, Russia","Pizza, Ramen, Burger, Chocolate, Steak","Destiny, Destiny 2, Minecraft, Teamfight Tactics, Battlefield 1",,,"OCaml, Java, Javacript, Python, C#","Giants, Nets, Jets, Steelers, Rangers","It's Always Sunny In Philidelphia, Arcane, The Blacklist, Schitt's Creek, The Office"
mhcampos,Michael,Campos,Camposm,michael.campos@stonybrook.edu,"Duck,Chicken,Cow,Pig,Rabbit","?,?,?,?,?","?,?,?,?,?","Ramen,Dumplings,Pho,Saltanias,Beet Soup","?,?,?,?,?","?,?,?,?,?","?,?,?,?,?","Java,JavaScript,C/C++,Python,Kotlin","?,?,?,?,?",
michezhu,Michelle,Zhu,mzhu,mzhu@gmail.com,"Cow, Pig, Chicken, Fish, Octupus","And Then There Were None, 11/22/63, The Little Prince, Rebecca, Dream of the Red Chamber ","Japan, Korea, Iceland, Italy, Malaysia","Sushi, Dumplings, Waffles, French Fries, Tacos",,,,"Python, Java, Scala, C#, C++",,
mifukuda,Minato,Fukuda,mifukuda,mifu@sbu.com,"Chicken, Cow, Pig, Salmon, Duck",,,,"Halo 3, Final Fantasy VII, Dishonored, Super Smash Bros. Melee, Persona 5","Inglourious Basterds, Django Unchained, The Death of Stalin, Goodfellas, Casino",,"Python, Java, Ruby, Javascript, Swift",,"The Sopranos, The Wire, Bojack Horseman, Breaking Bad, Arrested Development"
mimtiyaz,Mahir,Imtiyaz,BasedOnWhat421,baseddept@aypaul.com,"Chicken, Cow, Lamb, Turkey, Shrimp",,"Italy, Spain, England, Turkey, UAE","Borgir, French Fries, Pizza, Chili Chicken, Kebab","Red Dead Redemption 2, God of War, Marvel's Spider-Man, Assassin's Creed II, GTA V",,,,,"Daredevil, Breaking Bad, Star Wars: The Clone Wars, Agents of SHIELD, The Mandalorian "
miwchan,,,,,,,,,,,,,,
mmadhira,,,,,,,,,,,,,,
moahsan,,,,,,,,,,,,,,
mohowlader,,,,,,,,,,,,,,
msreeves,Mathilde,Sreeves,msreeves,mat@sbu.com,"?,?,?,?,?","?,?,?,?,?","Japan, Peru, New Zealand, Thailand, Iceland","Sushi, Poke, Burrito, Dumplings, Cookies","?,?,?,?,?","?,?,?,?,?","?,?,?,?,?","Java, Javascript, Python, C, C+","Arsenal, PSG, Real Madrid, Celtic, Bayern Munich","Casa De Papel, Friends, Breaking Bad, Bodyguard, Sherlock"
naahassan,,,,,,,,,,,,,,
nacikoz,Burcu,Acikoz,bacikoz,burcufake@gmail.com,"Chicken, Salmon, Tuna, Cow, Lamb","Martin Eden, Chess Story, Harry Potter, 1984, A Clockwork Orange","Netherlands, Italy, Spain, Germany, France",,,"Interstellar, The Prestige, Inception, Hidden Figures, The Martian",,"Python, JavaScript, Java, C++, OCaml",,
nezheng,Nelson,Zheng,nezheng,Feshy@gmail.com,"Shrimp, Duck, Pig, Chicken, Cow","The Witcher Series, The Percy Jackson Series, Walden, Overlord, The Warrior Cat Series","Sweden, Japan, Germany, Mexico, Australia","Chicken Wings, Sushi, Shrimp Tempura, Breaded Porkchops, Oyakodon","Omori, Stardew Valley, Terraria, Pokemon Unite, Super Smash Bros","In This Corner of the World, The Phantom Menace, Django Unchained, Your Name, Avengers: Endgame",",,,,,","Java, Python, C#, Ocaml, JS",",,,,","The Mandalorian, Witcher, Bojack Horseman, Community, Fate/Zero"
nmenasche,Noah,Menasche,Noahmena,helpivebecomeanemail@gmail.com,"Pig, Chicken, Cow, Shrimp, Squid ","Mistborn, Gentlemen Bastards, Stormlight Archives, A Song of Ice and Fire, The Inheritance Cycle ",,"Pizza, Sushi, Ramen, Fried Chicken Sandwhich, Quesadilla","The Elder Scrolls V: Skyrim, Super Smash Bros. Ultimate, The Binding of Isaac: Rebirth, Pokemon Emerald, Persona 5",,,,,"Avatar: The Last Airbender, Naruto, 30 Rock, Community, Ted Lasso"
nochen,Noah,Chen,nochen,noah.chen@aol.com,"Pig, Cow, Chicken, Fish, Squid",,,,"Final Fantasy XIV, Animal Crossing: New Horizons, Minecraft, Super Smash Brothers Ultimate, Fire Emblem: Three Houses",,,"Python, Javascript, Java, C#, C++","Knicks, Warriors, Angels, Thunder, Kings","Avatar: The Last Airbender, Young Justice, Justice League Unlimited, Star Wars: The Clone Wars, Arcane"
nreza,,,,,,,,,,,,,,
onwaduwa,Okuchukwu,Nwaduwa,noku,gooutsideandtouchgrass@gmail.com,"Chicken, Salmon, Beef, Goat, Pig",,,"Jollof Rice, Bacon, Burrito, Donuts, Chicken Wings ","Super Smash Bros Ultimate, Spelunky 2, Splatoon 2, Super Mario Galaxy 2,Terraria",,,"Python, Ruby, Javascript, Java, C++",,"Bungou Stray Dogs, Baccano, Hunter X Hunter, Monogatari, A Certain Scientific Railgun"
pafan,Patrick,Fan,Cyfurion,cyfurion@gmail.com,"Cow, Lamb, Duck, Pig, Chicken",,"Luxembourg, Sweden, Japan, Iceland, Canada",,"Minecraft, Stellaris, osu!, Sekiro: Shadows Die Twice, EVE Online",,,"Java, Python, JavaScript, C++, C",,"Person of Interest, Arcane, Suits, Avatar: The Last Airbender, Rick and Morty"
pekogan,Paul,Kogan,pol,p@o.l,"Salmon, tuna, yellowtail, mackerel, dolphinfish","The Time Machine, The Wonderful Visit, The Island of Doctor Moreau, The Wheels of Chance, The Invisible Man ","Switzerland, Liechtenstein, Austria, Poland, Czech Republic","Cow cheese, goat cheese, sheep cheese, yogurt, banana","The need for speed, need for speed ii, need for speed iii: hot pursuit, need for speed: high stakes, need for speed: porsche unleashed",,,,,
phliu,Philip,Liu,phliu,phliu@gmail.com,"Chicken, Cow, Salmon, Pig, Duck",,"Japan, Korea, France, Italy, Spain","Sushi, Steak, Curry Chicken, Mashed Potatoes, Scrambled Eggs",,,,"Java, Python, JavaScript, C, C++",,"The Flash, The Originals, Vampire Diaries, Arrow, Criminal Minds"
ptwalsh,Peter,Walsh,PeteyLumpkins,peteylumpkins@gmail.com,"Turkey, Chicken, Cow, Pig, Kangeroo",,,,"Metro Exodus, Halo Infinite, Destiny, Dishonored 2, Minecraft","Revenge of the Sith, Empire Strikes Back, New Hope, Return of the Jedi, Rogue One",,"Python, Java, Javascript, C++, C",,"Star Wars the Clone Wars, The Mandilorian, The Witcher, Star Wars Rebels, Book of Boba Fett"
qdeman,Quinten,De Man,quintendeman,quinten.deman@mckenna.com,"Lamb, Fish, Chicken, Pig, Cow",,,"Zucchini, Wings, Spinach, Cheese, Avocado","Minecraft, Dark Souls, Destiny, Halo, Wii Sports",,,"Python, Java, MATLAB, Javascript, Lua",,"One Piece, Avatar, Naruto, Game of Thrones, Attack on Titan"
qjafri,Qamber,Jafri,qjafri,bsmalls@gmail.com,"Chicken, beef, lamb, salmon, goat","1984, grapes of wrath, godel escher bach, flash boys, the catcher in the rye","Switzerland, Iran, Japan, China, Korea,","Pizza, nihari, biryani, pasta, chick peas","super smash brother melee, skyrim, halo 3, halo reach, league of legends","The godfather, dune,  interstellar, parasite, rush hour 2","money, time, brain damage, eclipse, wish you were here","C, Haskell, Java, Python, TypeScript","Lakers, Giants, Yankees, Jets, Bills","The Sopranos, Breaking Bad, Curb Your Enthusiasm, It's Always Sunny in Philadelphia, Better Call Saul"
rdhillon,Rahul,Dhillon,rdhillon,rahul@sbu.com,,"Cosmos, The Giver, Atomic Habits, Diary of a Wimpy Kid, Great Expectations","Japan, Korea, Singapore, Sweden, Finland","Sushi, Ramen, Poke, Burrito, Pasta","Dark Souls, Undertale, Pokemon Platinum, Pokemon HGSS, Super Smash Bros. Ultimate",,,"Python, Java, C++, C, JavaScript",,
richchan,Richard,Chan,richchan,chanr@email.com,"Shrimp, Fish, Chicken, Pig, Cow",,"China, France, Japan, Ireland, Italy",,"Destiny 2, Rivals of Aether, Project M, Team Fortress 2, Celeste",,,"Java, JavaScript, Python, C++, C",,"Code Lyoko, American Dad, South Park, Invader Zim, Inside Job"
rogcheng,Roger,Cheng,rogcheng,abc123@gmail.com,"Cow, Pig, Chicken, Donkey, Lobster",,,"Macaroni, Fried Chicken, Guacamole, Sushi, Ramen",,"Iron Man 1, Iron Man 2, Batman vs. Superman, Avengers End Game, Shang Chi",,"TypeScript, Scheme, Lisp, Chicken, Python","Golden State Warriors, Seattle Mariners, New York Yankees, Boston Celtics, New England Patriots",
rokenia,Roshan,Kenia,rokenia,rokenia@gmail.com,,,"Japan, Turkey, Germany, Netherlands, Madagascar",,"Pokemon, Call of Duty, Minecraft, Rust, Mario Kart",,,"Python, Java, Javascript, MATLAB, R","New York Yankees, Baltimore Ravens, Alabama Crimson Tide, Oregon Ducks, Georgia Bulldogs","One Piece, Narcos, Peaky Blinders, Rick and Morty, Naruto"
rrychlak,Ryan,Rychlak,rrychlak,gmail@gmail.com,"Cow, Chicken, Pig, Horse, Lamb","The Cuckoo's Egg, The Lorax, Things to Make and Do in the Fourth Dimension, Who's Bigger?, The Life and Death of The Mckilla Gorilla","UK, Ireland, Japan, Switzerland, Colombia","Steak, Broccoli, Noodles, Cereal, Pizza","Skate 3, Terraria, Roller Coaster 3, MW3, Skyrim","Captain America: Civil War, Dodgeball, Dumb and Dumber, Superhero Movie","I, don't, know, any, sorry","Brainfsck, OCAML, Scratch, Rython, Javascript","Packers, Bucks, Brewers, 49ers, Rams","Family Guy, Rick and Morty, Joe Pera Talks with You, Big Bang Theory, Spongebob"
ruibxu,Ruibo,Xu,ruibxu,ruiboxu@gmail.com,"Fish, Chicken, cow, pig, duck",,"China, Korea, Japan, France, Italy ","Rice, Pizza, ramen, pancakes, pasta","League of Legends, CSGO, GTA V, Dark souls 3, Minecraft",,,"Java, Python, Javascript, C++, C","Los Angeles Lakers, Brooklyn Nets, Golden State Warriors, New York Knicks, New York Yankees",
ruisun,Ruipeng,Sun,passage,10086@qq.com,"Salmon, tuna, yellowtail, mackerel, dolphinfish","Jack Reacher, The Mark, Harry Potter, Twilight, Lovely Bones","Czech Republic, France, India, Germany, New Zealand","Chicken Parmesean, Lasagna, Stuffed Shells, Chicken Pot Pie, Tater Tots","Minecraft, Super Smash Bros, Toon Town, Club Penguin, Valorant","Inception, Beautiful Mind, The Pursuit of Happyness, Home Alone, Seven Pounds",,"Python,Java, Javascript, C++,C","New York Giants, New York Yankees, New York Jets, New York Knicks, New York Rangers","Arcane, The Sopranos, Community, Seinfeld, JoJo's Bizzare Adventure"
ruqiu,Runkai,Qiu,ruqiu,333@gmail.com,"Cow, chicken,Pig,Fish,Duck",,"China, Netherland,Japan, France, German","Rice, noodle, Soup, Steak, Vegatable","Breath of zeld, Super Mario, league of legend, Xenoblade, Super Smash Bro ",,,"Python,Java, Javascript, C++,C",,
saihaque,Saiful,Haque,sh,sh@mail.com,"Chicken, Human, Bat, Snake, Lizard","The Skin Collector, The Bone Collector, Kite Runner, Thousand Splendid Suns, The Stranger","Netherland, Japan, France, Germany, UK","Rice, Ground Chicken, Lasagna, Bread, Salad",,,,"Python, Java, Rust, C, Javascript",,
sakotagiri,,,,,,,,,,,,,,
samekhan,Sameer,Khan,samekhan,sameereal@gmail.com,"Chicken, Cow, Lamb, Salmon, Tuna",,"Russia, Japan, Norway, Brazil, Korea",,"League of Legends, Genshin Impact, Valorant, Pokemon, Super Smash Bros","Spiderman: No Way Home, Spiderman: Far From Home, Spiderman: Into the Spiderverse, Spiderman 2, Spiderman 3",,,"Toronto Raptors, New York Knicks, Los Angeles Lakers, Chicago Bulls, Brooklyn Nets",
savishwanath,Sabareesh,Vishwanathan,savishwanath,savishwanath@gmail.com,"?, ?, ?, ?, ?","?, ?, ?, ?, ?","Spain, Italy, Malaysia, Japan, Australia","Pizza, Rice, Noodles, Mac and Cheese, Cereal","?, ?, ?, ?, ?","Thor: Ragnarok, Iron Man, Inception, Captain America, Avengers: Infinity War","?, ?, ?, ?, ?","Python, Java, Ruby, Javascript, MIPS ","New York Knicks, West Ham United, New York Mets, New York Jets, Real Madrid","?, ?, ?, ?, ?"
sbozin,Srdjan,Bozin,sbozin,sbozin@gmail.com,"Chicken, Fish, Lamb, Pig, Cow",,"Japan, Egypt, Brazil, Mexico, Burma","Pizza, Cereal, Pasta, Sushi, Steak","Minecraft, Super Smash Bros, Toon Town, Club Penguin, Valorant",,,"JavaScript, Java, Python, C, C++",,
shaakhan,Shaan,Khan,shaakhan,ilovemydog@dog.com,"Lamb, Chicken, Cow, Pig, Turkey","1984, Farenheit 451, Harry Potter and the Deathly Hallows, White Fang, The Tender Bar","Czech Republic, France, India, Germany, New Zealand","Combo over rice, Leek soup, Klobasa, burger, sushi","C&C Red Alert 2, C&C Red Alert 3, Rocket League, Battlefield 4, PUBG","Star Wars: Episode 5, The Godfather part 2, The Shawshank Redemption, Star Wars: Episode 6, Interstellar","Dogs, Fearless, Have a Cigar, Marooned, Mother","C, Python, Java, Javascript, Dart","New York Yankees, New York Giants, Czech Republic national football team, United States national football team, New York Knicks ","Sherlock, Tom and Jerry, Friends, Squid Game, Rick and Morty"
shachakrabar,Shaonli,Chakrabarti,shachakrabar,shachakrabar@gmail.com,"Fish, Chicken, Pig, Beef, Duck",,"Japan, Korea, Ireland, Italy, Russia","Pizza, Bread, Icecream, Sweet Potato, Chocolate","Breath of the Wild, Skyrim, Super Smash Bros, Witcher 3, Mario Kart","Inception, Beautiful Mind, The Pursuit of Happyness, Home Alone, Seven Pounds","Another Brick in the Wall, Comfortable Numb, Shine on You Crazy Diamond, See Emily Play","Java, Javascript, Python, C++, C"," Kansas City Chiefs, Golden State Warriors, New England Patriots, LA Rams, New Orleans Saints","Friends, The Office, Shark Tank, Orange is the New Black, Gilmore Girls"
shugchen,,,,,,,,,,,,,,
srwalker,Sydney,Walker,srwalker,s_walker@gmail.com,"Chicken, cow, pig, salmon, tilapia","Jack Reacher, The Mark, Harry Potter, Twilight, Lovely Bones","Spain, Portugal, Italy, Germany, France","Chicken Parmesean, Lasagna, Stuffed Shells, Chicken Pot Pie, Tater Tots","Dominion, Dungeons and Dragons, Munchkin, Star Realms, Catan","The Maze Runner, The Girl on the Train, Midnight Sun, Free Guy, Instant Family","Wish You Were Here, Learning to Fly, Time, Hey You, Money","Python, Java, Javascript, Ruby, OCaml","New York Giants, New York Yankees, New York Jets, New York Knicks, New York Rangers","Orange is the New Black, Shameless, Yellowstone, In The Dark, Wentworth "
staxu,Starr,Xu,staxu,sx@fakemail.com,"Pig, Chicken, Cow, Fish, Shrimp",,"Germany, Japan, Iceland, Russia, England",,"Dark Souls, Skyrim, Bloodborne, Sekiro, Undertale","The Lord of the Rings: The Return of the King, The Lord of the Rings: The Fellowship of the Ring, The Lord of the Rings: The Two Towers, Avengers: Infinity War, Soul","Time, Us and Them, Money, Comfortably Numb, High Hopes","C++, Java, Python, C, GolfScript",,
stsinha,Steven,Sinha,swsinha,real_email38@aol.com,,,"Italy, Japan, Oman, Egypt, Peru",,"Breath of the Wild, Doom 2016, Bloodborne, Celeste, Hollow Knight",,"Wish You Were Here, Comfortably Numb, Time, Sheep, See Emily Play","Python, Lua, Javascript, HolyC, fish",,"Arcane, The Sopranos, Community, Seinfeld, JoJo's Bizzare Adventure"
sungyang,Sung Mo,Yang,sungyang,reallyrealemail@notfake.com,"Pig, Chicken, Cow, Lamb, Chicken",,,,"Pokemon Shining Pearl, Minecraft, Breath of the Wild, Legends of Runeterra, Valorant","Jurassic Park, Inception, Avengers: Infinity War, Space Jam 2: Electric Boogaloo, Shrek 2",,"Python, Java, Javascript, OCaml, COBOL",,"Arcane, House, Breaking Bad, South Park, The Office"
svjayanthi,Srineeth,Jayanthi,svjayanthi,svjayanthi@sbu.edu,,,,,,,,,,
symalik,,,,,,,,,,,,,,
tagiles,Taylor,Giles,tagiles,tagiles@gmail.com,"Chicken, Cow, Pig, Fish, Turkey",,"Switzerland, France, Finland, Norway, Italy","Chocolate, Rice, Chicken Parmesan, Meatballs, Pasta","Outer Wilds, Apex Legends, Stardew Valley, Portal 2, Minecraft",,,"Java, C, Javascript, Kotlin, Python",,
tianruliu,Tianrun,Liu,tianruliu,abc@nsa.gov,"chicken, cow, sheep, pig, fish","Pheonix, Akira, The catcher in the rye, The great gatsby, Bartleby the screenvener","Japan, Norway, Finland, Sweden, New Zealand","Burger, nuggets, fries, pizza, tendies, mushed potatoes","Nethack, Starcraft, The Binding of Isaac, Cave Story, Civilization V","One Flew Over the Cuckoo's Nest, The Truman Show, The Lord of the Rings, Pacific Rim, Spiderman 3 ",,,,
timwu,Timothy,Wu,tiwu,tiwu@gmail.com,"cow, chicken, shrimp, pork, salmon","Mistborn Series, Monogatari Series, Kafka on the Shore, 11/22/63, The Algorithm Design Manual","Japan, France, Canada, Iceland, Korea","burgers, rice, steak, wings, salad","Final Fantasy XIV, Monster Hunter, Genshin Impact, Hades, Yakuza","Star Wars: Episode II - Attack of the Clones, Star Trek: First Contact, They Shall Not Grow Old, Futurama: Bender's Big Score, A Silent Voice","High Hopes, Fearless, Learning to Fly, Biding my Time, Wish You Were Here","Python, Javascript, C, Go, C++","Yankees, Nets, Seahawks, Titans, Bills","Star Trek, Uma Musume: Pretty Derby, Futurama, Zombie Land Saga, Love Live! Superstar!!  "
tiwwong,Tina,Wong,twong,twong@gmail.com,"Chicken, Lobster, Cow, Pig, Salmon","All the Light We Cannot See, The Power Broker, Born a Crime, Know My Name, Cloud Atlas","Japan, Germany, Britain, France, Singapore","Pho, Fried Rice, Dumplings, Sushi, Ramen",,,,"Python, Javascript, Java, C, Swift",,
tmalam,Tahmidul,Alam,hideOn316,faker@skt.com,,"The Son of Neptune, House of Hades, The Red Pyramid, The Blood of Olympus, Michael Vey: The Prisoner of Cell 25","Japan, Korea, Switzerland, Indonesia, Romania","Gyro, Pizza, Fried Rice, Fish Fries, Chocolate","League of Legends, Starcraft, NBA 2K, Valorant, GTA V","The Maze Runner, Spirited Away, Silent Voice, Big Time Movie, Spy Kids",,"Python, Javascript, Java, C, Lua","EDG, SKT T1, SEN, FNC, NaVi","Arcane, Vagabond, The Secret Life of My Secretary, King's Avatar, ?"
tszchan,Tszhim,Chan,tchan,tszhim@gmail.com,"Duck, Cow, Chicken, Lamb, Turkey",,"Australia, England, Italy, Korea, Japan",,"Guild Wars 2, Elder Scrolls Online, Final Fantasy XIV, Rust, Terraria",,"Comfortably Numb, Time, Learning to Fly, Us and Them, Hey You","Python, C++, Java, Swift, C#",,
ttalisic,,,,,,,,,,,,,,
tuvo,,,,,,,,,,,,,,
weihong,Wei Hang,Hong,weihangh,weihangh@gmail.com,"cow, chicken, pig, lamb, duck",,"japan, china, korea, france, italy","rice, pizza, french fries, hamburger, hotdog","guardian tales, league of legends, rocket league, terraria, minecraft",,,"Java, Python, Javascript, C++, C",,
wenxue,wenhao,xue,wenxue,wh@gmail.com,"cow,pork,chicken,fish,lamb","The Three-Body Problem, 1984, Harry Potter,A Brief History of Humankind,The Little Prince","China, Norway, Japan,Iceland, France","Pizza, beef, fish, chicken, rice","League of Legends, StarCraft, Rusty Lake, The Legend of Zelda, Dark Souls","The Shawshank Redemption, Forrest Gump,L√©on: The Professional,Spirited Away,Inception ","Another Brick in the Wall, Comfortably Numb,Time,Hey You,Us and Them","Python, Java, Javascript, C++, Ocaml","New York Giants,Lakers,New York Jets,Knicks,New York Rangers","Arcane,The Walking Dead,Breaking Bad ,Chicago Fire,The Mandalorian "
weou,Wengan,Ou,wengan,wengan@gmail.com,"crab, cow, fish,chicken, lamb",,,,"Rainbow Six Siege, It taks two, Maple Story, Assassin's Creed Origins, GTA V",,,"Java, C++,  Kotlin, Python, Javascript",,
wintsang,Bryant,Tsang,bryanttsang,b@t.com,"cow, pig, chicken, fish, lobster","?, ?, ?, ?, ?","japan, taiwan, singapore, indonesia, malaysia","curry, egg, sushi, soup, toast","mk8dx, monster strike, ?, ?, ?","?, ?, ?, ?, ?","?, ?, ?, ?, ?","python, java, scratch, javascript, c++","?, ?, ?, ?, ?","?, ?, ?, ?, ?"
xinchi,xincheng,chi,xinchi,xc@gmail.com,"cow, pork, lamp, chicken, duck",,"Japan, Korea, Italy, Spain, England","Hot pot, Sushi, Ramen, BBQ, Pho",,,,"Java, Python, JavaScript, C, C++","Lakers, Spurs, Nets, Celtics, Warriors",
xinyuxu1,xinyu,xu,xinyuxu1,fake@email.com,"shrimp, fish, pig, chichen, cow","?,?,?,?,?","china, japan, new zealand, Switzerland,russia","mapo tofu, rice, teriaki, donburi, yakitori","Hollow Knight, Dead Cell, planetarian, Genshin Impact, Honkai Impact","?,?,?,?,?","?,?,?,?,?","PHP, Pythong, shell, nix, Java","?,?,?,?,?","?,?,?,?,?"
xiyhu,Xiyang,Hu,xiyhu,xiyhu@gmail.com,"cow, pork, chicken, fish, shrimp",,"China, Japan, England, Norway, Italy","Hot pot, Pizza, Sushi, Burgerm Ice Cream","League of Legends, Amongus, PUBG, APEX, GTA5",,,"Java, Python, C, JavaScript, C++ ",,
yajiwang,Yajie,Wang,yajiwang,yajiewang@gmail.com,"Cow, Pig, Lamp, Chicken, Duck","The Three-Body Problem, The Great Gatsby, Lord of the Rings, Harry Potter, World of Warcraft","China, Japan, Spain, Italy, Germany","Hot Pot, Sushi, Dim sum, Ramen, Fried rice","Breath of the Wild, Animal Crossing, Pokemon, Warcraft 3, FIFA","The Shawshank Redemption, Forrest Gump, The Legend of 1900, Infernal Affairs, Seven",,"Python, Java, Javascrit, C++, MIPS",,
yang34,Cheng,Yang,yang34,yang34@gmail.com,"Cow, Salmon, Chicken, Pig, Duck","Magic Tree House, Diary of a Wimpy Kid, Data Structure Textbook, The Great Gatsby, Harry Potter","South Korea, Japan, France, China, Italy","Sushi, Korean BBQ, Poke Bowl, Chipotle, Hot Pot","Minecraft, Clash of Clans, Clash Royale, Pokemon, NBA 2k","Hours, The Purge, Shang Chi, Get Out, The Conjuring","Another Brick in the wall, Wish You Were Here, Comfrotably Numb, Time, Shine on You Crazy Diamond","Java, Python, Javascript, C, OCaml","Nets, Bills, Warriors, Hornets, Buccaneers","Money Heist, All American, Elite, Love 020, Alice in Borderland"
yangyu5,Yang ,Yu,skySmart,skySky@gmail.com,"Cow,Chicken,Shrimp,Tuna,Salmon",,"France, Germany, Italy, New Zealand, Japan, South Korea","sushi, beef, bbq, hot pot, pizza",,"Inception,Hachi: A Dog's Tale,Interstellar,life Pi, Ready Player One",,"Java, JavaScript, Python, C#,C++, C",,
yaxxie,Yang ,Xie,yaxxie,yx@sbu.com,"Pig, Cow, Chicken, Lobster, Fish","Harry Potter, Hunger Games, The Great Gatsby, ","Iceland, France, Italy, Sweden, England","Ice Cream, Sushi, Fried Chicken, Cake, Pizza","Minecraft, Clash of Clans, Clash Royale, Pokemon, NBA 2k","The Great Gatsby, Elf, Romeo and Juliet, Roman Holiday, Home Alone","Another Brick in the Wall, Comfortable Numb, Shine on You Crazy Diamond, See Emily Play","Java, JavaScript, Python"," Kansas City Chiefs, Golden State Warriors, New England Patriots, LA Rams, New Orleans Saints","Friends, The Office, Shark Tank, Orange is the New Black, Gilmore Girls"
yhasib,Yashrif,Hasib,yhasib,yhas@sbu.com,"Cow, Chicken, Duck, Turkey, Lamb",,"Iceland, France, Italy, Germany, Japan","Beef, Rice, Ramen, Chicken, Egg","CSGO, Valorant, Minecraft, Fortnite, Call of Duty",,,"Java, JavaScript, Python, C#, C",,"Arcane, Stranger Things, Crash Landing on You, You, Lost in Space"
yibhu,Yibo,Hu,huyibo,huyibo123@gmail.com,"Cow, Chicken, Pig, Salmon, Shrimp","Cirque Du Freak, This Earth of Mankind, Odyssey, Illiad, The Outsiders ","China, Japan, South Korea, Australia, Indonesia","Sushi,  Steak, Tempura, Hot Pot, Summer Roll  ","Escape From Tarkov, Genshin Impact, League of Legends, Valorant, Minecraft",,,,,
yinshi,Yinan,Shi,yinshi,yinan.shi@gmail.com,"Chicken, Duck, Fish, Pig, Cow",,"Japan, England, Italy, Korea, Germany","Pizza, Hot Pot, Sushi, Ramen, Ice Cream","Valorant,  CSGO, Apex, New World, Call of Duty",,,"Java, Python, C++, JavaScript, MIPS",,
yongliang,Yongfeng,Liang,lyflyf,lyf@gmail.com,"cow, chicken, pig, lamb, duck",,"China, Japan, England, Norway, Italy","Pizza, beef, fish, chicken, rice","Pokemon Shining Pearl, Minecraft, Breath of the Wild, Legends of Runeterra, Valorant","The Lord of the Rings: The Return of the King, The Lord of the Rings: The Fellowship of the Ring, The Lord of the Rings: The Two Towers, Avengers: Infinity War, Soul",,"Java, Python, Javascript, C++, C ",,
younchen,Youni,Chen,unic,unic@gmail.com,"chicken, cow, pig, lamp, duck",,"France, Iceland, Greece, Japan, China ","Hot pot, Sushi, Ramen, Fried chicken, Rice ",,"The Twilight Saga, Hachi: A Dog's Tale, The Shawshank Redemption, L√©on: The Professional, Miracle in Cell No. 7 ",,,,
yudding,Derek,Ding,DerekD,DerekD@gmail.com,"chicken, fish, beef,pork,chimp",,"North Korea, South Korea, Russia, Brazil, Saudi Arabia","Spicy hotpot, garlic bread, fried dumplings, chicken tenders, borgar","League of Legends, Genshin Impact, The Battlecats, Path of Exile, Legends of Runeterra",,,"Python, java, javascript, C, C++",,
zhttan,,,,,,,,,,,,,,
zsholomson,Zalman,Sholomson,zsholomson,zs@abc.com,"Chicken, Lamb, Duck, Turkey, Shrimp","The Catcher in the Rye, Fahrenheit 451, 1984, Animal Farm, Harry Potter and the Order of the Phoenix","Japan, Israel, France, Italy, Canada","Sushi, Pizza, Beef, Steak, Lobster","Super Smash Bros., Breath of the Wild, Super Mario 64, Ocarina of Time, EarthBound","Spider-Man, Iron Man, The Lord of the Rings, The Breakfast Club, Monty Python and the Holy Grail","Another Brick in the Wall, Shine on You Crazy Diamond, Comfortably Numb, Time, Learning to Fly","Java, Python, JavaScript, OCaml, C","New York Giants, Yankees, Nets, Lakers, New York Rangers","The Big Bang Theory, The Office, Shark Tank, Family Feud, Naruto"